{
    "mae": [
        28.353137969970703,
        10.250149726867676,
        10.088417053222656,
        10.015098571777344,
        10.093616485595703,
        10.02932071685791,
        10.032633781433105,
        10.062166213989258,
        10.026350021362305,
        10.019737243652344,
        10.011619567871094,
        9.985648155212402,
        10.00337028503418,
        10.016679763793945,
        9.954307556152344
    ],
    "val_mae": [
        8.960003852844238,
        8.209823608398438,
        8.332503318786621,
        8.119312286376953,
        8.10002326965332,
        8.169892311096191,
        8.527369499206543,
        8.116901397705078,
        8.072240829467773,
        8.068233489990234,
        8.24343204498291,
        8.058451652526855,
        8.180122375488281,
        8.135137557983398,
        8.066791534423828
    ],
    "loss": [
        27.85936737060547,
        9.761181831359863,
        9.599735260009766,
        9.526721954345703,
        9.605286598205566,
        9.540736198425293,
        9.544550895690918,
        9.573339462280273,
        9.538095474243164,
        9.531288146972656,
        9.523096084594727,
        9.497672080993652,
        9.514403343200684,
        9.528383255004883,
        9.465803146362305
    ],
    "val_loss": [
        8.473552703857422,
        7.727777004241943,
        7.8470988273620605,
        7.637773513793945,
        7.620225429534912,
        7.6877593994140625,
        8.040864944458008,
        7.6350016593933105,
        7.592148303985596,
        7.587927341461182,
        7.758086204528809,
        7.579547882080078,
        7.6980438232421875,
        7.653176307678223,
        7.586575031280518
    ],
    "final_mae": 8.06679916381836
}